{"accuracy": 0.8571428571428571, "specificity": 0.125, "sensitivity": 0.9887640449438202}